{
  "table_of_contents": [
    {
      "title": "1. \u6743\u76ca\u5185\u5bb9",
      "heading_level": null,
      "page_id": 0,
      "polygon": [
        [
          0.0,
          14.028241373598576
        ],
        [
          121.4591914640566,
          14.028241373598576
        ],
        [
          121.4591914640566,
          41.570869125425816
        ],
        [
          0.0,
          41.570869125425816
        ]
      ]
    },
    {
      "title": "\u8303\u56f4\u53ca\u4f7f\u7528\u4e2d\u7684\u95ee\u9898\u4ee5\u5546\u5bb6\u89e3\u91ca\u4e3a\u51c6\u3002",
      "heading_level": null,
      "page_id": 1,
      "polygon": [
        [
          0.0,
          10.495636991804876
        ],
        [
          366.6268186785412,
          12.627986511215568
        ],
        [
          365.87707058308405,
          42.732236323776995
        ],
        [
          0.0,
          41.31394162774086
        ]
      ]
    }
  ],
  "page_stats": [
    {
      "page_id": 0,
      "text_extraction_method": "surya",
      "block_counts": [
        [
          "Line",
          17
        ],
        [
          "Span",
          17
        ],
        [
          "ListItem",
          10
        ],
        [
          "Text",
          1
        ],
        [
          "SectionHeader",
          1
        ],
        [
          "ListGroup",
          1
        ]
      ],
      "block_metadata": {
        "llm_request_count": 2,
        "llm_error_count": 0,
        "llm_tokens_used": 6653
      }
    },
    {
      "page_id": 1,
      "text_extraction_method": "surya",
      "block_counts": [
        [
          "SectionHeader",
          1
        ],
        [
          "Line",
          1
        ],
        [
          "Span",
          1
        ]
      ],
      "block_metadata": {
        "llm_request_count": 0,
        "llm_error_count": 0,
        "llm_tokens_used": 0
      }
    }
  ],
  "debug_data_path": "debug_data/\u551b\u6b4c\u6743\u76ca\u8be6\u60c5"
}