{
  "table_of_contents": [
    {
      "title": "1.\u4ea4\u901a\u653b\u7565:",
      "heading_level": null,
      "page_id": 0,
      "polygon": [
        [
          0.0,
          14.105319622904062
        ],
        [
          122.95868765497087,
          14.105319622904062
        ],
        [
          122.95868765497087,
          40.56885188445449
        ],
        [
          0.0,
          40.56885188445449
        ]
      ]
    }
  ],
  "page_stats": [
    {
      "page_id": 0,
      "text_extraction_method": "surya",
      "block_counts": [
        [
          "Line",
          9
        ],
        [
          "Span",
          9
        ],
        [
          "Text",
          2
        ],
        [
          "ListItem",
          2
        ],
        [
          "SectionHeader",
          1
        ],
        [
          "ListGroup",
          1
        ]
      ],
      "block_metadata": {
        "llm_request_count": 1,
        "llm_error_count": 0,
        "llm_tokens_used": 2039
      }
    }
  ],
  "debug_data_path": "debug_data/\u6e29\u99a8\u63d0\u793a20250121 (1)"
}