{
  "table_of_contents": [
    {
      "title": "1. \u6743\u76ca\u5185\u5bb9",
      "heading_level": null,
      "page_id": 0,
      "polygon": [
        [
          0.0,
          14.593481868505478
        ],
        [
          121.4591914640566,
          14.593481868505478
        ],
        [
          121.4591914640566,
          41.87918212264776
        ],
        [
          0.0,
          41.87918212264776
        ]
      ]
    }
  ],
  "page_stats": [
    {
      "page_id": 0,
      "text_extraction_method": "surya",
      "block_counts": [
        [
          "Line",
          17
        ],
        [
          "Span",
          17
        ],
        [
          "ListItem",
          10
        ],
        [
          "Text",
          2
        ],
        [
          "SectionHeader",
          1
        ],
        [
          "ListGroup",
          1
        ]
      ],
      "block_metadata": {
        "llm_request_count": 1,
        "llm_error_count": 0,
        "llm_tokens_used": 2815
      }
    }
  ],
  "debug_data_path": "debug_data/\u9f99\u6e38\u5e7f\u548c\u9f99\u5c71\u96f7\u8fea\u68ee\u603f\u66fc\u8fd0\u52a8\u9152\u5e97\u4f4f\u5bbf\u4f18\u60e0"
}