{
  "table_of_contents": [
    {
      "title": "1.\u4ea4\u901a\u653b\u7565:",
      "heading_level": null,
      "page_id": 0,
      "polygon": [
        [
          0.0,
          15.248646987602115
        ],
        [
          120.70944336859947,
          15.248646987602115
        ],
        [
          120.70944336859947,
          40.33761713653803
        ],
        [
          0.0,
          40.33761713653803
        ]
      ]
    }
  ],
  "page_stats": [
    {
      "page_id": 0,
      "text_extraction_method": "surya",
      "block_counts": [
        [
          "Line",
          10
        ],
        [
          "Span",
          10
        ],
        [
          "ListItem",
          4
        ],
        [
          "Text",
          1
        ],
        [
          "SectionHeader",
          1
        ],
        [
          "ListGroup",
          1
        ]
      ],
      "block_metadata": {
        "llm_request_count": 1,
        "llm_error_count": 0,
        "llm_tokens_used": 3852
      }
    }
  ],
  "debug_data_path": "debug_data/\u666f\u533a\u4e0a\u4f20\u6a21\u677f 2"
}