{
  "table_of_contents": [
    {
      "title": "1.\u4ea4\u901a\u653b\u7565:",
      "heading_level": null,
      "page_id": 0,
      "polygon": [
        [
          0.0,
          14.593481868505478
        ],
        [
          123.70843575042802,
          14.593481868505478
        ],
        [
          123.70843575042802,
          40.69731563329697
        ],
        [
          0.0,
          40.69731563329697
        ]
      ]
    }
  ],
  "page_stats": [
    {
      "page_id": 0,
      "text_extraction_method": "surya",
      "block_counts": [
        [
          "Line",
          11
        ],
        [
          "Span",
          11
        ],
        [
          "Text",
          3
        ],
        [
          "SectionHeader",
          1
        ]
      ],
      "block_metadata": {
        "llm_request_count": 1,
        "llm_error_count": 0,
        "llm_tokens_used": 2023
      }
    }
  ],
  "debug_data_path": "debug_data/\u6e29\u99a8\u63d0\u793a"
}