{
  "table_of_contents": [
    {
      "title": "\u9646\u5fae\u4fe1\u5c0f\u7a0b\u5e8f\"\u6a2a\u5e97\u7535\u5f71\"\u67e5\u770b\u3002",
      "heading_level": null,
      "page_id": 1,
      "polygon": [
        [
          35.89821703732014,
          13.951163124293089
        ],
        [
          359.1293377239698,
          13.951163124293089
        ],
        [
          359.1293377239698,
          39.18144339695573
        ],
        [
          35.89821703732014,
          39.18144339695573
        ]
      ]
    }
  ],
  "page_stats": [
    {
      "page_id": 0,
      "text_extraction_method": "surya",
      "block_counts": [
        [
          "Line",
          17
        ],
        [
          "Span",
          17
        ],
        [
          "ListItem",
          6
        ],
        [
          "Text",
          2
        ],
        [
          "ListGroup",
          1
        ]
      ],
      "block_metadata": {
        "llm_request_count": 2,
        "llm_error_count": 0,
        "llm_tokens_used": 5894
      }
    },
    {
      "page_id": 1,
      "text_extraction_method": "surya",
      "block_counts": [
        [
          "Line",
          4
        ],
        [
          "Span",
          4
        ],
        [
          "Text",
          2
        ],
        [
          "SectionHeader",
          1
        ]
      ],
      "block_metadata": {
        "llm_request_count": 0,
        "llm_error_count": 0,
        "llm_tokens_used": 0
      }
    }
  ],
  "debug_data_path": "debug_data/\u6a2a\u5e97\u5f71\u57ce\u6743\u76ca\u8be6\u60c5"
}