{
  "table_of_contents": [
    {
      "title": "1.\u4ea4\u901a\u653b\u7565:",
      "heading_level": null,
      "page_id": 0,
      "polygon": [
        [
          0.0,
          14.439325369894505
        ],
        [
          124.45818384588516,
          14.439325369894505
        ],
        [
          124.45818384588516,
          41.15978512912989
        ],
        [
          0.0,
          41.15978512912989
        ]
      ]
    }
  ],
  "page_stats": [
    {
      "page_id": 0,
      "text_extraction_method": "surya",
      "block_counts": [
        [
          "Line",
          10
        ],
        [
          "Span",
          10
        ],
        [
          "Text",
          3
        ],
        [
          "SectionHeader",
          1
        ]
      ],
      "block_metadata": {
        "llm_request_count": 1,
        "llm_error_count": 0,
        "llm_tokens_used": 2035
      }
    }
  ],
  "debug_data_path": "debug_data/\u795e\u4ed9\u5c45\u6e29\u99a8\u63d0\u793a"
}