{
  "table_of_contents": [
    {
      "title": "1.\u4ea4\u901a\u653b\u7565:",
      "heading_level": null,
      "page_id": 0,
      "polygon": [
        [
          0.0,
          13.976855874061584
        ],
        [
          123.70843575042802,
          13.976855874061584
        ],
        [
          123.70843575042802,
          41.00562863051891
        ],
        [
          0.0,
          41.00562863051891
        ]
      ]
    }
  ],
  "page_stats": [
    {
      "page_id": 0,
      "text_extraction_method": "surya",
      "block_counts": [
        [
          "Line",
          9
        ],
        [
          "Span",
          9
        ],
        [
          "ListItem",
          4
        ],
        [
          "SectionHeader",
          1
        ],
        [
          "ListGroup",
          1
        ]
      ],
      "block_metadata": {
        "llm_request_count": 0,
        "llm_error_count": 0,
        "llm_tokens_used": 0
      }
    }
  ],
  "debug_data_path": "debug_data/\u6f29\u95e8\u6e7e\u519c\u4e1a\u56ed\u6e29\u99a8\u63d0\u793a"
}